{
    "train_loss": [
        4.43315315246582,
        4.289398193359375,
        4.129626750946045,
        3.9523799419403076,
        3.7525312900543213,
        3.55035138130188,
        3.348674774169922,
        3.1903648376464844,
        3.093618869781494,
        3.0027658939361572,
        2.9306704998016357,
        2.868034601211548,
        2.818650960922241,
        2.775754690170288,
        2.741851329803467,
        2.7167093753814697,
        2.695281505584717,
        2.6773457527160645,
        2.6630373001098633,
        2.653031826019287,
        2.640599012374878,
        2.6326348781585693,
        2.6230862140655518,
        2.6138296127319336,
        2.6057546138763428,
        2.6003293991088867,
        2.5960800647735596,
        2.5938329696655273,
        2.5896663665771484,
        2.586203098297119,
        2.5841188430786133,
        2.582228660583496,
        2.579814910888672,
        2.578071117401123,
        2.5745737552642822,
        2.57210636138916,
        2.5702080726623535,
        2.5688347816467285,
        2.566849946975708,
        2.5658962726593018,
        2.564063310623169,
        2.5635151863098145,
        2.5622661113739014,
        2.561169147491455,
        2.5614559650421143,
        2.5609147548675537,
        2.5596842765808105,
        2.5591795444488525,
        2.55735445022583,
        2.556858539581299,
        2.5561470985412598,
        2.5576279163360596,
        2.55844783782959,
        2.556623935699463,
        2.5559186935424805,
        2.5567209720611572,
        2.5562376976013184,
        2.5566768646240234,
        2.5537633895874023,
        2.554100751876831,
        2.553676128387451,
        2.553462028503418,
        2.552865505218506,
        2.5524685382843018,
        2.552314043045044,
        2.5528674125671387,
        2.5518510341644287,
        2.552359104156494,
        2.5518484115600586,
        2.552899122238159
    ],
    "val_loss": [
        4.4228997230529785,
        4.2847394943237305,
        4.125315189361572,
        3.945601463317871,
        3.750386953353882,
        3.547476291656494,
        3.3477532863616943,
        3.1927947998046875,
        3.091334819793701,
        3.0051205158233643,
        2.9319560527801514,
        2.870413303375244,
        2.8195173740386963,
        2.7784180641174316,
        2.745683193206787,
        2.7197368144989014,
        2.6986987590789795,
        2.6809396743774414,
        2.6667909622192383,
        2.6530895233154297,
        2.6426968574523926,
        2.6318347454071045,
        2.6231436729431152,
        2.6160242557525635,
        2.6095781326293945,
        2.604585647583008,
        2.6008033752441406,
        2.5967507362365723,
        2.593641519546509,
        2.5900020599365234,
        2.5880208015441895,
        2.5856218338012695,
        2.5832769870758057,
        2.5814685821533203,
        2.578686237335205,
        2.576883554458618,
        2.57417368888855,
        2.572741985321045,
        2.5711004734039307,
        2.5692527294158936,
        2.5682787895202637,
        2.5665335655212402,
        2.5663540363311768,
        2.565809726715088,
        2.5651581287384033,
        2.563664436340332,
        2.5636513233184814,
        2.5624351501464844,
        2.56241512298584,
        2.562171697616577,
        2.5616822242736816,
        2.561082601547241,
        2.5606181621551514,
        2.560612440109253,
        2.5603954792022705,
        2.5602335929870605,
        2.5593929290771484,
        2.5590319633483887,
        2.559427261352539,
        2.55934739112854,
        2.5588324069976807,
        2.5581459999084473,
        2.5583722591400146,
        2.557424306869507,
        2.5572288036346436,
        2.557638168334961,
        2.55755352973938,
        2.5577073097229004,
        2.5571720600128174,
        2.557208776473999
    ],
    "lr": [
        0.04999865664945505,
        0.04999462674513371,
        0.049987910728960416,
        0.049978509337422025,
        0.04996642360148705,
        0.049951654846492645,
        0.04993420469199921,
        0.04991407505161285,
        0.04989126813277545,
        0.04986578643652269,
        0.049837632757209704,
        0.0498068101822047,
        0.04977332209155036,
        0.049737172157593205,
        0.049698364344580866,
        0.049656902908227364,
        0.049612792395246415,
        0.04956603764285287,
        0.04951664377823218,
        0.04946461621797823,
        0.0494099606674993,
        0.04935268312039242,
        0.049292789857786075,
        0.049230287447651455,
        0.049165182744082166,
        0.04909748288654262,
        0.0490271952990851,
        0.048954327689535636,
        0.048878888048648775,
        0.048800884649231255,
        0.04872032604523484,
        0.048637221070818276,
        0.04855157883937851,
        0.048463408742551325,
        0.04837272044918142,
        0.04827952390426214,
        0.04818382932784486,
        0.04808564721391825,
        0.04798498832925753,
        0.04788186371224371,
        0.04777628467165317,
        0.04766826278541747,
        0.04755780989935374,
        0.04744493812586561,
        0.047329659842615,
        0.04721198769116475,
        0.04709193457559229,
        0.046969513661074644,
        0.046844738372444635,
        0.04671762239271874,
        0.04658817966159661,
        0.0464564243739324,
        0.04632237097817816,
        0.04618603417479936,
        0.04604742891466288,
        0.04590657039739743,
        0.04576347406972675,
        0.04561815562377574,
        0.045470630995349565,
        0.0453209163621862,
        0.045169028142182294,
        0.045014982991592796,
        0.0448587978032044,
        0.04470048970448306,
        0.04454007605569577,
        0.04437757444800682,
        0.04421300270154872,
        0.044046378863468016,
        0.04387772120594624,
        0.043707048224196146
    ],
    "temp": [
        1.0,
        0.9,
        0.81,
        0.7290000000000001,
        0.6561,
        0.5904900000000001,
        0.531441,
        0.5,
        0.5,
        0.5,
        0.5,
        0.5,
        0.5,
        0.5,
        0.5,
        0.5,
        0.5,
        0.5,
        0.5,
        0.5,
        0.5,
        0.5,
        0.5,
        0.5,
        0.5,
        0.5,
        0.5,
        0.5,
        0.5,
        0.5,
        0.5,
        0.5,
        0.5,
        0.5,
        0.5,
        0.5,
        0.5,
        0.5,
        0.5,
        0.5,
        0.5,
        0.5,
        0.5,
        0.5,
        0.5,
        0.5,
        0.5,
        0.5,
        0.5,
        0.5,
        0.5,
        0.5,
        0.5,
        0.5,
        0.5,
        0.5,
        0.5,
        0.5,
        0.5,
        0.5,
        0.5,
        0.5,
        0.5,
        0.5,
        0.5,
        0.5,
        0.5,
        0.5,
        0.5,
        0.5
    ],